"","subject_nr","waytz_score","ï..scenarioNo","avg_ist"
"1",1,2.14285714285714,"scenario2",60
"2",2,2.71428571428571,"scenario2",0
"3",3,1.28571428571429,"scenario2",0
"4",4,2.71428571428571,"scenario2",19
"5",6,1.5,"scenario2",100
"6",7,1.14285714285714,"scenario2",0
"7",8,2.71428571428571,"scenario2",12
"8",9,0.714285714285714,"scenario2",89
"9",10,3.71428571428571,"scenario2",21
"10",11,2.42857142857143,"scenario2",70
"11",12,2,"scenario2",100
